{"cameraMode":{"drawMode":0,"name":"Shaded","section":"Shading Mode"},"sceneLighting":false,"audioPlay":false,"sceneViewState":{"showFog":true,"showMaterialUpdate":false,"showSkybox":false,"showFlares":true,"showImageEffects":true,"showParticleSystems":true},"in2DMode":false,"pivot":{"x":1.2704471349716187,"y":1.9551336765289307,"z":1.7430533170700074},"rotation":{"x":-0.07619786262512207,"y":0.2259216159582138,"z":-0.01772189512848854,"w":-0.971019983291626},"size":3.6759700775146486,"orthographic":false}