{"cameraMode":{"drawMode":0,"name":"Shaded","section":"Shading Mode"},"sceneLighting":false,"audioPlay":false,"sceneViewState":{"showFog":true,"showMaterialUpdate":false,"showSkybox":false,"showFlares":true,"showImageEffects":true,"showParticleSystems":true},"in2DMode":false,"pivot":{"x":0.6999598741531372,"y":1.994399905204773,"z":-0.032039642333984378},"rotation":{"x":-0.2627301812171936,"y":-0.37706172466278078,"z":0.112447589635849,"w":-0.8810417056083679},"size":4.94647741317749,"orthographic":false}