{"cameraMode":{"drawMode":0,"name":"Shaded","section":"Shading Mode"},"sceneLighting":true,"audioPlay":false,"sceneViewState":{"showFog":true,"showMaterialUpdate":false,"showSkybox":true,"showFlares":true,"showImageEffects":true,"showParticleSystems":true},"in2DMode":false,"pivot":{"x":0.8121562004089356,"y":1.9058939218521119,"z":3.3280222415924074},"rotation":{"x":-0.09970434010028839,"y":0.7260152101516724,"z":-0.10772190988063812,"w":-0.6718736290931702},"size":8.734480857849121,"orthographic":false}