{"cameraMode":{"drawMode":0,"name":"Shaded","section":"Shading Mode"},"sceneLighting":false,"audioPlay":false,"sceneViewState":{"showFog":true,"showMaterialUpdate":false,"showSkybox":false,"showFlares":true,"showImageEffects":true,"showParticleSystems":true},"in2DMode":false,"pivot":{"x":1.0961006879806519,"y":0.561241626739502,"z":0.2750847637653351},"rotation":{"x":-0.1836635321378708,"y":0.759654700756073,"z":-0.24276137351989747,"w":-0.5747308731079102},"size":4.205145359039307,"orthographic":false}