{"cameraMode":{"drawMode":0,"name":"Shaded","section":"Shading Mode"},"sceneLighting":false,"audioPlay":false,"sceneViewState":{"showFog":true,"showMaterialUpdate":false,"showSkybox":true,"showFlares":true,"showImageEffects":true,"showParticleSystems":true},"in2DMode":false,"pivot":{"x":64.8287124633789,"y":-204.4255828857422,"z":1.0498677492141724},"rotation":{"x":-0.45254552364349368,"y":-0.49334102869033816,"z":0.3847281336784363,"w":-0.638308048248291},"size":247.8484344482422,"orthographic":false}