{"cameraMode":{"drawMode":0,"name":"Shaded","section":"Shading Mode"},"sceneLighting":false,"audioPlay":false,"sceneViewState":{"showFog":true,"showMaterialUpdate":false,"showSkybox":false,"showFlares":true,"showImageEffects":true,"showParticleSystems":true},"in2DMode":false,"pivot":{"x":3.9780869483947756,"y":2.8480701446533205,"z":-2.724250316619873},"rotation":{"x":-0.432424932718277,"y":0.4926241338253021,"z":-0.28453537821769717,"w":-0.7018884420394898},"size":29.050098419189454,"orthographic":false}