{"cameraMode":{"drawMode":0,"name":"Shaded","section":"Shading Mode"},"sceneLighting":false,"audioPlay":false,"sceneViewState":{"showFog":true,"showMaterialUpdate":false,"showSkybox":true,"showFlares":true,"showImageEffects":true,"showParticleSystems":true},"in2DMode":false,"pivot":{"x":6.500000476837158,"y":1.5000007152557374,"z":-11.774999618530274},"rotation":{"x":-0.026738105341792108,"y":0.9728397130966187,"z":-0.1785297989845276,"w":-0.1455235779285431},"size":5.810838222503662,"orthographic":false}