{"cameraMode":{"drawMode":0,"name":"Shaded","section":"Shading Mode"},"sceneLighting":false,"audioPlay":false,"sceneViewState":{"showFog":true,"showMaterialUpdate":false,"showSkybox":false,"showFlares":true,"showImageEffects":true,"showParticleSystems":true},"in2DMode":false,"pivot":{"x":9.463068962097168,"y":3.4393739700317385,"z":-0.06044626235961914},"rotation":{"x":0.18411614000797273,"y":0.8019022345542908,"z":-0.3770231306552887,"w":0.4294283092021942},"size":15.03221607208252,"orthographic":false}