{"cameraMode":{"drawMode":0,"name":"Shaded","section":"Shading Mode"},"sceneLighting":false,"audioPlay":false,"sceneViewState":{"showFog":true,"showMaterialUpdate":false,"showSkybox":false,"showFlares":true,"showImageEffects":true,"showParticleSystems":true},"in2DMode":false,"pivot":{"x":0.04136449471116066,"y":0.03176741674542427,"z":2.5812828540802},"rotation":{"x":-0.29146668314933779,"y":0.09651779383420944,"z":-0.029565507546067239,"w":-0.9512839913368225},"size":4.94647741317749,"orthographic":false}