{"cameraMode":{"drawMode":0,"name":"Shaded","section":"Shading Mode"},"sceneLighting":false,"audioPlay":false,"sceneViewState":{"showFog":true,"showMaterialUpdate":false,"showSkybox":false,"showFlares":true,"showImageEffects":true,"showParticleSystems":true},"in2DMode":false,"pivot":{"x":0.7300325036048889,"y":-0.6108922362327576,"z":3.5384328365325929},"rotation":{"x":-0.3450256586074829,"y":-0.41029858589172366,"z":0.17027977108955384,"w":-0.8281003832817078},"size":13.404666900634766,"orthographic":false}