{"cameraMode":{"drawMode":0,"name":"Shaded","section":"Shading Mode"},"sceneLighting":false,"audioPlay":false,"sceneViewState":{"showFog":true,"showMaterialUpdate":false,"showSkybox":false,"showFlares":true,"showImageEffects":true,"showParticleSystems":true},"in2DMode":false,"pivot":{"x":1.6927577257156373,"y":1.964799165725708,"z":1.2490094900131226},"rotation":{"x":0.05376356095075607,"y":0.675880491733551,"z":0.04956824705004692,"w":-0.7334088087081909},"size":2.265627861022949,"orthographic":false}