{"cameraMode":{"drawMode":0,"name":"Shaded","section":"Shading Mode"},"sceneLighting":false,"audioPlay":false,"sceneViewState":{"showFog":true,"showMaterialUpdate":false,"showSkybox":false,"showFlares":true,"showImageEffects":true,"showParticleSystems":true},"in2DMode":false,"pivot":{"x":1.9407336711883546,"y":-2.2737841606140138,"z":4.696996688842773},"rotation":{"x":0.45792248845100405,"y":-0.02369535155594349,"z":0.01226880308240652,"w":0.8886622786521912},"size":13.343667984008789,"orthographic":false}