{"cameraMode":{"drawMode":0,"name":"Shaded","section":"Shading Mode"},"sceneLighting":false,"audioPlay":false,"sceneViewState":{"showFog":true,"showMaterialUpdate":false,"showSkybox":true,"showFlares":true,"showImageEffects":true,"showParticleSystems":true},"in2DMode":false,"pivot":{"x":68.24940490722656,"y":-64.31338500976563,"z":41.340003967285159},"rotation":{"x":-0.21629709005355836,"y":-0.4253884255886078,"z":0.10556083172559738,"w":-0.8727238178253174},"size":188.47607421875,"orthographic":false}