{"cameraMode":{"drawMode":0,"name":"Shaded","section":"Shading Mode"},"sceneLighting":false,"audioPlay":false,"sceneViewState":{"showFog":true,"showMaterialUpdate":false,"showSkybox":false,"showFlares":true,"showImageEffects":true,"showParticleSystems":true},"in2DMode":false,"pivot":{"x":0.15536174178123475,"y":-0.2956801652908325,"z":1.1894010305404664},"rotation":{"x":0.2372588962316513,"y":0.1059902235865593,"z":-0.03301162272691727,"w":0.9663929343223572},"size":2.8578836917877199,"orthographic":false}