{"cameraMode":{"drawMode":0,"name":"Shaded","section":"Shading Mode"},"sceneLighting":false,"audioPlay":false,"sceneViewState":{"showFog":true,"showMaterialUpdate":false,"showSkybox":false,"showFlares":true,"showImageEffects":true,"showParticleSystems":true},"in2DMode":false,"pivot":{"x":0.6780369877815247,"y":2.1419272422790529,"z":-0.025428475812077524},"rotation":{"x":-0.05999718979001045,"y":0.9399803280830383,"z":-0.24233023822307588,"w":-0.23271995782852174},"size":8.413382530212403,"orthographic":false}