{"cameraMode":{"drawMode":0,"name":"Shaded","section":"Shading Mode"},"sceneLighting":false,"audioPlay":false,"sceneViewState":{"showFog":true,"showMaterialUpdate":false,"showSkybox":true,"showFlares":true,"showImageEffects":true,"showParticleSystems":true},"in2DMode":false,"pivot":{"x":88.46170806884766,"y":-139.03082275390626,"z":52.29301071166992},"rotation":{"x":-0.3660244345664978,"y":-0.44802039861679079,"z":0.2359577864408493,"w":-0.7839444279670715},"size":189.73941040039063,"orthographic":false}