{"cameraMode":{"drawMode":0,"name":"Shaded","section":"Shading Mode"},"sceneLighting":false,"audioPlay":false,"sceneViewState":{"showFog":true,"showMaterialUpdate":false,"showSkybox":false,"showFlares":true,"showImageEffects":true,"showParticleSystems":true},"in2DMode":false,"pivot":{"x":-2.033900737762451,"y":-1.234984040260315,"z":1.6096948385238648},"rotation":{"x":-0.15699253976345063,"y":0.6892789006233215,"z":-0.15689323842525483,"w":-0.6896913051605225},"size":7.408224105834961,"orthographic":false}