{"cameraMode":{"drawMode":0,"name":"Shaded","section":"Shading Mode"},"sceneLighting":false,"audioPlay":false,"sceneViewState":{"showFog":true,"showMaterialUpdate":false,"showSkybox":true,"showFlares":true,"showImageEffects":true,"showParticleSystems":true},"in2DMode":false,"pivot":{"x":38.98046875,"y":-280.1167297363281,"z":3.7198543548583986},"rotation":{"x":0.23273847997188569,"y":0.7047050595283508,"z":-0.5951736569404602,"w":0.3146560490131378},"size":321.0856628417969,"orthographic":false}