{"cameraMode":{"drawMode":0,"name":"Shaded","section":"Shading Mode"},"sceneLighting":false,"audioPlay":false,"sceneViewState":{"showFog":true,"showMaterialUpdate":false,"showSkybox":false,"showFlares":true,"showImageEffects":true,"showParticleSystems":true},"in2DMode":false,"pivot":{"x":-3.7050981521606447,"y":-2.4057931900024416,"z":-4.522633075714111},"rotation":{"x":0.07000455260276795,"y":-0.9272546172142029,"z":0.29447141289711,"w":0.2204367071390152},"size":11.765836715698243,"orthographic":false}