{"cameraMode":{"drawMode":0,"name":"Shaded","section":"Shading Mode"},"sceneLighting":false,"audioPlay":false,"sceneViewState":{"showFog":true,"showMaterialUpdate":false,"showSkybox":false,"showFlares":true,"showImageEffects":true,"showParticleSystems":true},"in2DMode":false,"pivot":{"x":3.6598825454711916,"y":3.0490665435791017,"z":3.647472381591797},"rotation":{"x":-0.0742429718375206,"y":0.9201800227165222,"z":-0.21381361782550813,"w":-0.3195081353187561},"size":4.875970363616943,"orthographic":false}