{"cameraMode":{"drawMode":0,"name":"Shaded","section":"Shading Mode"},"sceneLighting":false,"audioPlay":false,"sceneViewState":{"showFog":true,"showMaterialUpdate":false,"showSkybox":true,"showFlares":true,"showImageEffects":true,"showParticleSystems":true},"in2DMode":false,"pivot":{"x":2.7902352809906008,"y":-0.6742509603500366,"z":0.15575914084911347},"rotation":{"x":-0.14060382544994355,"y":-0.693300187587738,"z":0.1524609476327896,"w":-0.6920115947723389},"size":5.451008319854736,"orthographic":false}