{"cameraMode":{"drawMode":0,"name":"Shaded","section":"Shading Mode"},"sceneLighting":false,"audioPlay":false,"sceneViewState":{"showFog":true,"showMaterialUpdate":false,"showSkybox":false,"showFlares":true,"showImageEffects":true,"showParticleSystems":true},"in2DMode":false,"pivot":{"x":-1.0582659244537354,"y":-0.42493319511413576,"z":0.2670946717262268},"rotation":{"x":-0.23550094664096833,"y":0.7186954021453857,"z":-0.28815048933029177,"w":-0.5873889327049255},"size":6.78555965423584,"orthographic":false}