{"cameraMode":{"drawMode":0,"name":"Shaded","section":"Shading Mode"},"sceneLighting":false,"audioPlay":false,"sceneViewState":{"showFog":true,"showMaterialUpdate":false,"showSkybox":false,"showFlares":true,"showImageEffects":true,"showParticleSystems":true},"in2DMode":false,"pivot":{"x":-2.9439074993133547,"y":-1.598942756652832,"z":-5.862772464752197},"rotation":{"x":0.0446910560131073,"y":-0.9543254971504211,"z":0.185515895485878,"w":0.22989922761917115},"size":11.765836715698243,"orthographic":false}