{"cameraMode":{"drawMode":0,"name":"Shaded","section":"Shading Mode"},"sceneLighting":false,"audioPlay":false,"sceneViewState":{"showFog":true,"showMaterialUpdate":false,"showSkybox":false,"showFlares":true,"showImageEffects":true,"showParticleSystems":true},"in2DMode":false,"pivot":{"x":1.2860708236694337,"y":0.5361934900283814,"z":2.5998854637145998},"rotation":{"x":-0.05197159945964813,"y":0.7754395008087158,"z":-0.06435199826955795,"w":-0.6260257959365845},"size":7.957001686096191,"orthographic":false}