{"cameraMode":{"drawMode":0,"name":"Shaded","section":"Shading Mode"},"sceneLighting":false,"audioPlay":false,"sceneViewState":{"showFog":true,"showMaterialUpdate":false,"showSkybox":false,"showFlares":true,"showImageEffects":true,"showParticleSystems":true},"in2DMode":false,"pivot":{"x":0.6866405010223389,"y":1.2220655679702759,"z":0.5135712623596191},"rotation":{"x":-0.11686661094427109,"y":0.7325992584228516,"z":-0.13013800978660584,"w":-0.6578471064567566},"size":2.4051456451416017,"orthographic":false}