{"cameraMode":{"drawMode":0,"name":"Shaded","section":"Shading Mode"},"sceneLighting":false,"audioPlay":false,"sceneViewState":{"showFog":true,"showMaterialUpdate":false,"showSkybox":true,"showFlares":true,"showImageEffects":true,"showParticleSystems":true},"in2DMode":false,"pivot":{"x":2.6905035972595217,"y":-3.9789702892303469,"z":0.3468444347381592},"rotation":{"x":-0.23377816379070283,"y":-0.65971440076828,"z":0.24116984009742738,"w":-0.6741815209388733},"size":12.318551063537598,"orthographic":false}