{"cameraMode":{"drawMode":0,"name":"Shaded","section":"Shading Mode"},"sceneLighting":false,"audioPlay":false,"sceneViewState":{"showFog":true,"showMaterialUpdate":false,"showSkybox":false,"showFlares":true,"showImageEffects":true,"showParticleSystems":true},"in2DMode":false,"pivot":{"x":4.4616169929504398,"y":0.5553033947944641,"z":-2.9218125343322756},"rotation":{"x":-0.03058343008160591,"y":0.8002442121505737,"z":-0.6015070080757141,"w":-0.01927036978304386},"size":15.03221607208252,"orthographic":false}