{"cameraMode":{"drawMode":0,"name":"Shaded","section":"Shading Mode"},"sceneLighting":false,"audioPlay":false,"sceneViewState":{"showFog":true,"showMaterialUpdate":false,"showSkybox":true,"showFlares":true,"showImageEffects":true,"showParticleSystems":true},"in2DMode":false,"pivot":{"x":1.115997076034546,"y":1.7353875637054444,"z":0.9258188605308533},"rotation":{"x":-0.26821085810661318,"y":0.6666515469551086,"z":-0.28107601404190066,"w":-0.6361673474311829},"size":4.987924098968506,"orthographic":false}