{"cameraMode":{"drawMode":0,"name":"Shaded","section":"Shading Mode"},"sceneLighting":false,"audioPlay":false,"sceneViewState":{"showFog":true,"showMaterialUpdate":false,"showSkybox":true,"showFlares":true,"showImageEffects":true,"showParticleSystems":true},"in2DMode":false,"pivot":{"x":23.2523136138916,"y":-32.08776092529297,"z":-0.06594342738389969},"rotation":{"x":0.3302922248840332,"y":0.6277610063552856,"z":-0.3347764313220978,"w":0.622139036655426},"size":48.18793869018555,"orthographic":false}