{"cameraMode":{"drawMode":0,"name":"Shaded","section":"Shading Mode"},"sceneLighting":false,"audioPlay":false,"sceneViewState":{"showFog":true,"showMaterialUpdate":false,"showSkybox":false,"showFlares":true,"showImageEffects":true,"showParticleSystems":true},"in2DMode":false,"pivot":{"x":4.026298999786377,"y":1.0880978107452393,"z":1.5336081981658936},"rotation":{"x":0.29984357953071597,"y":0.09254533797502518,"z":-0.029251107946038247,"w":0.9491161704063416},"size":5.220366477966309,"orthographic":false}