{"cameraMode":{"drawMode":0,"name":"Shaded","section":"Shading Mode"},"sceneLighting":false,"audioPlay":false,"sceneViewState":{"showFog":true,"showMaterialUpdate":false,"showSkybox":false,"showFlares":true,"showImageEffects":true,"showParticleSystems":true},"in2DMode":false,"pivot":{"x":-4.819149494171143,"y":-13.394632339477539,"z":5.789848327636719},"rotation":{"x":-0.5211758613586426,"y":0.34846174716949465,"z":-0.24607208371162415,"w":-0.7406298518180847},"size":23.578813552856447,"orthographic":false}