{"cameraMode":{"drawMode":0,"name":"Shaded","section":"Shading Mode"},"sceneLighting":false,"audioPlay":false,"sceneViewState":{"showFog":true,"showMaterialUpdate":false,"showSkybox":false,"showFlares":true,"showImageEffects":true,"showParticleSystems":true},"in2DMode":false,"pivot":{"x":1.2691904306411744,"y":1.0549595355987549,"z":1.8408721685409547},"rotation":{"x":-0.056570686399936679,"y":0.9428920149803162,"z":-0.21462249755859376,"w":-0.2484954595565796},"size":1.0421161651611329,"orthographic":false}