{"cameraMode":{"drawMode":0,"name":"Shaded","section":"Shading Mode"},"sceneLighting":false,"audioPlay":false,"sceneViewState":{"showFog":true,"showMaterialUpdate":false,"showSkybox":false,"showFlares":true,"showImageEffects":true,"showParticleSystems":true},"in2DMode":false,"pivot":{"x":1.7011488676071168,"y":-1.4683258533477784,"z":10.266777992248536},"rotation":{"x":0.5398061871528626,"y":0.017970819026231767,"z":-0.011462515220046044,"w":0.8415964841842651},"size":13.343667984008789,"orthographic":false}