{"cameraMode":{"drawMode":0,"name":"Shaded","section":"Shading Mode"},"sceneLighting":false,"audioPlay":false,"sceneViewState":{"showFog":true,"showMaterialUpdate":false,"showSkybox":false,"showFlares":true,"showImageEffects":true,"showParticleSystems":true},"in2DMode":false,"pivot":{"x":-2.4102749824523927,"y":-2.082425355911255,"z":-1.0763417482376099},"rotation":{"x":-0.16352252662181855,"y":0.8232823610305786,"z":-0.2932412624359131,"w":-0.4601688086986542},"size":4.987924098968506,"orthographic":false}