{"cameraMode":{"drawMode":0,"name":"Shaded","section":"Shading Mode"},"sceneLighting":false,"audioPlay":false,"sceneViewState":{"showFog":true,"showMaterialUpdate":false,"showSkybox":true,"showFlares":true,"showImageEffects":true,"showParticleSystems":true},"in2DMode":false,"pivot":{"x":20.743446350097658,"y":-2.31929874420166,"z":2.6218087673187258},"rotation":{"x":-0.015423165634274483,"y":0.9203201532363892,"z":-0.3912930190563202,"w":-0.03734910860657692},"size":17.23236846923828,"orthographic":false}