{"cameraMode":{"drawMode":0,"name":"Shaded","section":"Shading Mode"},"sceneLighting":false,"audioPlay":false,"sceneViewState":{"showFog":true,"showMaterialUpdate":false,"showSkybox":false,"showFlares":true,"showImageEffects":true,"showParticleSystems":true},"in2DMode":false,"pivot":{"x":2.7903738021850588,"y":3.2395100593566896,"z":1.1607770919799805},"rotation":{"x":-0.040510088205337527,"y":0.11871849745512009,"z":-0.004852278623729944,"w":-0.9921063780784607},"size":11.221213340759278,"orthographic":false}