{"cameraMode":{"drawMode":0,"name":"Shaded","section":"Shading Mode"},"sceneLighting":false,"audioPlay":false,"sceneViewState":{"showFog":true,"showMaterialUpdate":false,"showSkybox":true,"showFlares":true,"showImageEffects":true,"showParticleSystems":true},"in2DMode":false,"pivot":{"x":6.164024353027344,"y":1.7500004768371583,"z":-0.06999993324279785},"rotation":{"x":-0.5645172595977783,"y":0.11359073966741562,"z":-0.07755213975906372,"w":-0.8143895268440247},"size":17.23236846923828,"orthographic":false}