{"cameraMode":{"drawMode":0,"name":"Shaded","section":"Shading Mode"},"sceneLighting":false,"audioPlay":false,"sceneViewState":{"showFog":true,"showMaterialUpdate":false,"showSkybox":true,"showFlares":true,"showImageEffects":true,"showParticleSystems":true},"in2DMode":false,"pivot":{"x":3.556898832321167,"y":-11.504546165466309,"z":16.369529724121095},"rotation":{"x":-0.40477707982063296,"y":-0.03237229213118553,"z":0.014326682314276696,"w":-0.9137598872184753},"size":26.67408561706543,"orthographic":false}