{"cameraMode":{"drawMode":0,"name":"Shaded","section":"Shading Mode"},"sceneLighting":false,"audioPlay":false,"sceneViewState":{"showFog":true,"showMaterialUpdate":false,"showSkybox":false,"showFlares":true,"showImageEffects":true,"showParticleSystems":true},"in2DMode":false,"pivot":{"x":2.4252631664276125,"y":1.1006423234939576,"z":2.1349709033966066},"rotation":{"x":-0.021460408344864847,"y":0.47015541791915896,"z":-0.01141689345240593,"w":-0.8822824358940125},"size":3.2393076419830324,"orthographic":false}