{"cameraMode":{"drawMode":0,"name":"Shaded","section":"Shading Mode"},"sceneLighting":false,"audioPlay":false,"sceneViewState":{"showFog":true,"showMaterialUpdate":false,"showSkybox":true,"showFlares":true,"showImageEffects":true,"showParticleSystems":true},"in2DMode":false,"pivot":{"x":64.12694549560547,"y":-29.060016632080079,"z":-30.181495666503908},"rotation":{"x":0.17310984432697297,"y":0.8070111274719238,"z":-0.39661985635757449,"w":0.407619446516037},"size":91.43311309814453,"orthographic":false}