{"cameraMode":{"drawMode":0,"name":"Shaded","section":"Shading Mode"},"sceneLighting":false,"audioPlay":false,"sceneViewState":{"showFog":true,"showMaterialUpdate":false,"showSkybox":false,"showFlares":true,"showImageEffects":true,"showParticleSystems":true},"in2DMode":false,"pivot":{"x":0.112139493227005,"y":0.2663520574569702,"z":0.16483232378959657},"rotation":{"x":0.2772393524646759,"y":0.7127814888954163,"z":-0.5206936001777649,"w":0.3795580267906189},"size":1.894261360168457,"orthographic":false}