{"cameraMode":{"drawMode":0,"name":"Shaded","section":"Shading Mode"},"sceneLighting":false,"audioPlay":false,"sceneViewState":{"showFog":true,"showMaterialUpdate":false,"showSkybox":false,"showFlares":true,"showImageEffects":true,"showParticleSystems":true},"in2DMode":false,"pivot":{"x":-2.137086868286133,"y":-35.43231964111328,"z":29.846725463867189},"rotation":{"x":-0.46112677454948428,"y":0.007178714964538813,"z":0.008536838926374913,"w":-0.8889193534851074},"size":58.22787094116211,"orthographic":false}