{"cameraMode":{"drawMode":0,"name":"Shaded","section":"Shading Mode"},"sceneLighting":false,"audioPlay":false,"sceneViewState":{"showFog":true,"showMaterialUpdate":false,"showSkybox":false,"showFlares":true,"showImageEffects":true,"showParticleSystems":true},"in2DMode":false,"pivot":{"x":5.968016624450684,"y":5.08305025100708,"z":-2.032142400741577},"rotation":{"x":0.5717004537582398,"y":-0.024449093267321588,"z":0.0017287669470533729,"w":0.8218706846237183},"size":13.282503128051758,"orthographic":false}